run_tag,gen,slot,baseline,reward,bankrupt
prime-coevo-qwen3-1p7b-smoke16-baseline-2026-06-20,0,4,0,199.75,0
prime-coevo-qwen3-1p7b-smoke16-baseline-2026-06-20,0,12,0,199.5,0
prime-coevo-qwen3-1p7b-smoke16-baseline-2026-06-20,0,6,0,196.25,0
prime-coevo-qwen3-1p7b-smoke16-baseline-2026-06-20,0,7,0,195.75,0
prime-coevo-qwen3-1p7b-smoke16-baseline-2026-06-20,0,15,0,231.25,0
prime-coevo-qwen3-1p7b-smoke16-baseline-2026-06-20,0,3,0,215.0,0
prime-coevo-qwen3-1p7b-smoke16-baseline-2026-06-20,0,3,0,192.1,0
prime-coevo-qwen3-1p7b-smoke16-baseline-2026-06-20,0,13,0,176.25,0
prime-coevo-qwen3-1p7b-smoke16-baseline-2026-06-20,0,12,0,185.4,0
prime-coevo-qwen3-1p7b-smoke16-baseline-2026-06-20,0,14,0,191.625,0
prime-coevo-qwen3-1p7b-smoke16-baseline-2026-06-20,0,16,1,189.775,0
prime-coevo-qwen3-1p7b-smoke16-baseline-2026-06-20,0,13,0,191.925,0
prime-coevo-qwen3-1p7b-smoke16-baseline-2026-06-20,0,4,0,200.275,0
prime-coevo-qwen3-1p7b-smoke16-baseline-2026-06-20,0,8,0,191.3,0
prime-coevo-qwen3-1p7b-smoke16-baseline-2026-06-20,0,0,0,214.25,0
prime-coevo-qwen3-1p7b-smoke16-baseline-2026-06-20,0,10,0,193.75,0
prime-coevo-qwen3-1p7b-smoke16-baseline-2026-06-20,0,9,0,197.65,0
prime-coevo-qwen3-1p7b-smoke16-baseline-2026-06-20,0,6,0,194.39999999999998,0
prime-coevo-qwen3-1p7b-smoke16-baseline-2026-06-20,0,7,0,202.75,0
prime-coevo-qwen3-1p7b-smoke16-baseline-2026-06-20,0,9,0,196.25,0
prime-coevo-qwen3-1p7b-smoke16-baseline-2026-06-20,0,14,0,192.25,0
prime-coevo-qwen3-1p7b-smoke16-baseline-2026-06-20,0,11,0,191.25,0
prime-coevo-qwen3-1p7b-smoke16-baseline-2026-06-20,0,4,0,197.25,0
prime-coevo-qwen3-1p7b-smoke16-baseline-2026-06-20,0,11,0,194.5,0
prime-coevo-qwen3-1p7b-smoke16-baseline-2026-06-20,0,8,0,195.2,0
prime-coevo-qwen3-1p7b-smoke16-baseline-2026-06-20,0,2,0,235.2,0
prime-coevo-qwen3-1p7b-smoke16-baseline-2026-06-20,0,1,0,181.25,0
prime-coevo-qwen3-1p7b-smoke16-baseline-2026-06-20,0,5,0,196.25,0
prime-coevo-qwen3-1p7b-smoke16-baseline-2026-06-20,0,16,1,191.25,0
prime-coevo-qwen3-1p7b-smoke16-baseline-2026-06-20,0,2,0,193.3,0
prime-coevo-qwen3-1p7b-smoke16-baseline-2026-06-20,0,1,0,196.25,0
prime-coevo-qwen3-1p7b-smoke16-baseline-2026-06-20,0,5,0,202.15,0
prime-coevo-qwen3-1p7b-smoke16-baseline-2026-06-20,0,10,0,196.25,0
prime-coevo-qwen3-1p7b-smoke16-baseline-2026-06-20,0,15,0,196.25,0
prime-coevo-qwen3-1p7b-smoke16-baseline-2026-06-20,0,0,0,196.25,0
prime-coevo-qwen3-1p7b-smoke16-baseline-2026-06-20,0,3,0,199.75,0
prime-coevo-qwen3-1p7b-smoke16-baseline-2026-06-20,0,12,0,199.425,0
prime-coevo-qwen3-1p7b-smoke16-baseline-2026-06-20,0,2,0,182.1,0
prime-coevo-qwen3-1p7b-smoke16-baseline-2026-06-20,0,7,0,213.65000000000003,0
prime-coevo-qwen3-1p7b-smoke16-baseline-2026-06-20,0,10,0,194.125,0
prime-coevo-qwen3-1p7b-smoke16-baseline-2026-06-20,0,1,0,187.75,0
prime-coevo-qwen3-1p7b-smoke16-baseline-2026-06-20,0,2,0,189.7,0
prime-coevo-qwen3-1p7b-smoke16-baseline-2026-06-20,0,9,0,186.97500000000002,0
prime-coevo-qwen3-1p7b-smoke16-baseline-2026-06-20,0,7,0,193.75,0
prime-coevo-qwen3-1p7b-smoke16-baseline-2026-06-20,0,10,0,196.25,0
prime-coevo-qwen3-1p7b-smoke16-baseline-2026-06-20,0,16,1,200.25,0
prime-coevo-qwen3-1p7b-smoke16-baseline-2026-06-20,0,15,0,192.525,0
prime-coevo-qwen3-1p7b-smoke16-baseline-2026-06-20,0,14,0,190.525,0
prime-coevo-qwen3-1p7b-smoke16-baseline-2026-06-20,0,13,0,188.75,0
prime-coevo-qwen3-1p7b-smoke16-baseline-2026-06-20,0,9,0,186.25,0
prime-coevo-qwen3-1p7b-smoke16-baseline-2026-06-20,0,8,0,188.625,0
prime-coevo-qwen3-1p7b-smoke16-baseline-2026-06-20,1,4,0,187.325,0
prime-coevo-qwen3-1p7b-smoke16-baseline-2026-06-20,0,1,0,197.75,0
prime-coevo-qwen3-1p7b-smoke16-baseline-2026-06-20,0,11,0,193.875,0
prime-coevo-qwen3-1p7b-smoke16-baseline-2026-06-20,0,4,0,198.0,0
prime-coevo-qwen3-1p7b-smoke16-baseline-2026-06-20,0,12,0,192.1,0
prime-coevo-qwen3-1p7b-smoke16-baseline-2026-06-20,0,11,0,196.25,0
prime-coevo-qwen3-1p7b-smoke16-baseline-2026-06-20,0,3,0,186.70000000000002,0
prime-coevo-qwen3-1p7b-smoke16-baseline-2026-06-20,0,6,0,187.4,0
prime-coevo-qwen3-1p7b-smoke16-baseline-2026-06-20,0,5,0,194.2,0
prime-coevo-qwen3-1p7b-smoke16-baseline-2026-06-20,0,14,0,192.47500000000002,0
prime-coevo-qwen3-1p7b-smoke16-baseline-2026-06-20,0,13,0,193.75,0
prime-coevo-qwen3-1p7b-smoke16-baseline-2026-06-20,0,16,1,196.25,0
prime-coevo-qwen3-1p7b-smoke16-baseline-2026-06-20,1,3,0,194.1,0
prime-coevo-qwen3-1p7b-smoke16-baseline-2026-06-20,1,6,0,195.425,0
prime-coevo-qwen3-1p7b-smoke16-baseline-2026-06-20,0,5,0,196.25,0
prime-coevo-qwen3-1p7b-smoke16-baseline-2026-06-20,0,12,0,196.25,0
prime-coevo-qwen3-1p7b-smoke16-baseline-2026-06-20,0,0,0,203.75,0
prime-coevo-qwen3-1p7b-smoke16-baseline-2026-06-20,0,6,0,196.25,0
prime-coevo-qwen3-1p7b-smoke16-baseline-2026-06-20,0,15,0,196.25,0
prime-coevo-qwen3-1p7b-smoke16-baseline-2026-06-20,0,0,0,196.25,0
prime-coevo-qwen3-1p7b-smoke16-baseline-2026-06-20,0,8,0,196.25,0
prime-coevo-qwen3-1p7b-smoke16-baseline-2026-06-20,1,9,0,199.75,0
prime-coevo-qwen3-1p7b-smoke16-baseline-2026-06-20,1,6,0,193.375,0
prime-coevo-qwen3-1p7b-smoke16-baseline-2026-06-20,1,15,0,190.79,0
prime-coevo-qwen3-1p7b-smoke16-baseline-2026-06-20,1,3,0,194.35000000000002,0
prime-coevo-qwen3-1p7b-smoke16-baseline-2026-06-20,1,15,0,180.7,0
prime-coevo-qwen3-1p7b-smoke16-baseline-2026-06-20,1,3,0,200.75,0
prime-coevo-qwen3-1p7b-smoke16-baseline-2026-06-20,1,10,0,184.275,0
prime-coevo-qwen3-1p7b-smoke16-baseline-2026-06-20,1,8,0,194.5,0
prime-coevo-qwen3-1p7b-smoke16-baseline-2026-06-20,1,8,0,186.25,0
prime-coevo-qwen3-1p7b-smoke16-baseline-2026-06-20,1,7,0,198.85,0
prime-coevo-qwen3-1p7b-smoke16-baseline-2026-06-20,1,5,0,196.25,0
prime-coevo-qwen3-1p7b-smoke16-baseline-2026-06-20,1,5,0,196.25,0
prime-coevo-qwen3-1p7b-smoke16-baseline-2026-06-20,1,7,0,193.95,0
prime-coevo-qwen3-1p7b-smoke16-baseline-2026-06-20,1,0,0,197.375,0
prime-coevo-qwen3-1p7b-smoke16-baseline-2026-06-20,1,1,0,202.0,0
prime-coevo-qwen3-1p7b-smoke16-baseline-2026-06-20,1,2,0,192.1,0
prime-coevo-qwen3-1p7b-smoke16-baseline-2026-06-20,1,12,0,190.05,0
prime-coevo-qwen3-1p7b-smoke16-baseline-2026-06-20,1,10,0,196.25,0
prime-coevo-qwen3-1p7b-smoke16-baseline-2026-06-20,1,2,0,187.8,0
prime-coevo-qwen3-1p7b-smoke16-baseline-2026-06-20,1,1,0,201.85,0
prime-coevo-qwen3-1p7b-smoke16-baseline-2026-06-20,1,11,0,200.85,0
prime-coevo-qwen3-1p7b-smoke16-baseline-2026-06-20,1,13,0,189.35,0
prime-coevo-qwen3-1p7b-smoke16-baseline-2026-06-20,1,0,0,196.0,0
prime-coevo-qwen3-1p7b-smoke16-baseline-2026-06-20,1,14,0,194.75,0
prime-coevo-qwen3-1p7b-smoke16-baseline-2026-06-20,1,16,1,196.0,0
prime-coevo-qwen3-1p7b-smoke16-baseline-2026-06-20,1,9,0,194.5,0
prime-coevo-qwen3-1p7b-smoke16-baseline-2026-06-20,1,14,0,196.25,0
prime-coevo-qwen3-1p7b-smoke16-baseline-2026-06-20,1,12,0,193.75,0
prime-coevo-qwen3-1p7b-smoke16-baseline-2026-06-20,1,6,0,197.55,0
prime-coevo-qwen3-1p7b-smoke16-baseline-2026-06-20,1,9,0,213.75,0
prime-coevo-qwen3-1p7b-smoke16-baseline-2026-06-20,1,11,0,196.25,0
prime-coevo-qwen3-1p7b-smoke16-baseline-2026-06-20,1,13,0,196.25,0
prime-coevo-qwen3-1p7b-smoke16-baseline-2026-06-20,1,4,0,196.25,0
prime-coevo-qwen3-1p7b-smoke16-baseline-2026-06-20,1,4,0,196.25,0
prime-coevo-qwen3-1p7b-smoke16-baseline-2026-06-20,1,2,0,202.45000000000002,0
prime-coevo-qwen3-1p7b-smoke16-baseline-2026-06-20,1,16,1,186.25,0
prime-coevo-qwen3-1p7b-smoke16-baseline-2026-06-20,1,13,0,176.25,0
prime-coevo-qwen3-1p7b-smoke16-baseline-2026-06-20,1,2,0,194.275,0
prime-coevo-qwen3-1p7b-smoke16-baseline-2026-06-20,1,1,0,181.25,0
prime-coevo-qwen3-1p7b-smoke16-baseline-2026-06-20,1,13,0,194.275,0
prime-coevo-qwen3-1p7b-smoke16-baseline-2026-06-20,1,1,0,197.925,0
prime-coevo-qwen3-1p7b-smoke16-baseline-2026-06-20,1,8,0,190.55,0
prime-coevo-qwen3-1p7b-smoke16-baseline-2026-06-20,1,0,0,186.55,0
prime-coevo-qwen3-1p7b-smoke16-baseline-2026-06-20,1,7,0,195.45,0
prime-coevo-qwen3-1p7b-smoke16-baseline-2026-06-20,1,0,0,201.675,0
prime-coevo-qwen3-1p7b-smoke16-baseline-2026-06-20,1,7,0,190.075,0
prime-coevo-qwen3-1p7b-smoke16-baseline-2026-06-20,1,8,0,194.5,0
prime-coevo-qwen3-1p7b-smoke16-baseline-2026-06-20,1,10,0,193.55,0
prime-coevo-qwen3-1p7b-smoke16-baseline-2026-06-20,1,14,0,190.8,0
prime-coevo-qwen3-1p7b-smoke16-baseline-2026-06-20,2,16,1,198.25,0
prime-coevo-qwen3-1p7b-smoke16-baseline-2026-06-20,1,5,0,198.0,0
prime-coevo-qwen3-1p7b-smoke16-baseline-2026-06-20,1,3,0,187.325,0
prime-coevo-qwen3-1p7b-smoke16-baseline-2026-06-20,1,3,0,190.75,0
prime-coevo-qwen3-1p7b-smoke16-baseline-2026-06-20,1,5,0,186.25,0
prime-coevo-qwen3-1p7b-smoke16-baseline-2026-06-20,1,12,0,227.47500000000002,0
prime-coevo-qwen3-1p7b-smoke16-baseline-2026-06-20,1,11,0,188.4,0
prime-coevo-qwen3-1p7b-smoke16-baseline-2026-06-20,1,14,0,210.55,0
prime-coevo-qwen3-1p7b-smoke16-baseline-2026-06-20,1,10,0,193.35,0
prime-coevo-qwen3-1p7b-smoke16-baseline-2026-06-20,1,9,0,204.4,0
prime-coevo-qwen3-1p7b-smoke16-baseline-2026-06-20,1,12,0,195.75,0
prime-coevo-qwen3-1p7b-smoke16-baseline-2026-06-20,1,4,0,191.7,0
prime-coevo-qwen3-1p7b-smoke16-baseline-2026-06-20,1,6,0,188.95000000000002,0
prime-coevo-qwen3-1p7b-smoke16-baseline-2026-06-20,1,6,0,190.125,0
prime-coevo-qwen3-1p7b-smoke16-baseline-2026-06-20,2,9,0,189.75,0
prime-coevo-qwen3-1p7b-smoke16-baseline-2026-06-20,1,4,0,191.25,0
prime-coevo-qwen3-1p7b-smoke16-baseline-2026-06-20,2,16,1,190.025,0
prime-coevo-qwen3-1p7b-smoke16-baseline-2026-06-20,1,15,0,194.5,0
prime-coevo-qwen3-1p7b-smoke16-baseline-2026-06-20,2,2,0,196.25,0
prime-coevo-qwen3-1p7b-smoke16-baseline-2026-06-20,1,15,0,186.9,0
prime-coevo-qwen3-1p7b-smoke16-baseline-2026-06-20,1,9,0,194.575,0
prime-coevo-qwen3-1p7b-smoke16-baseline-2026-06-20,2,9,0,199.35,0
prime-coevo-qwen3-1p7b-smoke16-baseline-2026-06-20,1,11,0,196.25,0
prime-coevo-qwen3-1p7b-smoke16-baseline-2026-06-20,2,7,0,192.5,0
prime-coevo-qwen3-1p7b-smoke16-baseline-2026-06-20,2,2,0,181.25,0
prime-coevo-qwen3-1p7b-smoke16-baseline-2026-06-20,2,4,0,187.4,0
prime-coevo-qwen3-1p7b-smoke16-baseline-2026-06-20,2,7,0,196.25,0
prime-coevo-qwen3-1p7b-smoke16-baseline-2026-06-20,2,12,0,200.25,0
prime-coevo-qwen3-1p7b-smoke16-baseline-2026-06-20,2,4,0,222.425,0
prime-coevo-qwen3-1p7b-smoke16-baseline-2026-06-20,2,8,0,195.59999999999997,0
prime-coevo-qwen3-1p7b-smoke16-baseline-2026-06-20,2,16,1,191.35000000000002,0
prime-coevo-qwen3-1p7b-smoke16-baseline-2026-06-20,2,12,0,195.75,0
prime-coevo-qwen3-1p7b-smoke16-baseline-2026-06-20,2,11,0,192.25,0
prime-coevo-qwen3-1p7b-smoke16-baseline-2026-06-20,2,5,0,192.75,0
prime-coevo-qwen3-1p7b-smoke16-baseline-2026-06-20,2,11,0,192.5,0
prime-coevo-qwen3-1p7b-smoke16-baseline-2026-06-20,2,16,1,193.75,0
prime-coevo-qwen3-1p7b-smoke16-baseline-2026-06-20,2,16,1,196.25,0
prime-coevo-qwen3-1p7b-smoke16-baseline-2026-06-20,2,3,0,192.47500000000002,0
prime-coevo-qwen3-1p7b-smoke16-baseline-2026-06-20,2,8,0,193.75,0
prime-coevo-qwen3-1p7b-smoke16-baseline-2026-06-20,2,13,0,181.25,0
prime-coevo-qwen3-1p7b-smoke16-baseline-2026-06-20,2,15,0,191.3,0
prime-coevo-qwen3-1p7b-smoke16-baseline-2026-06-20,2,10,0,189.825,0
prime-coevo-qwen3-1p7b-smoke16-baseline-2026-06-20,2,6,0,198.25,0
prime-coevo-qwen3-1p7b-smoke16-baseline-2026-06-20,2,3,0,196.25,0
prime-coevo-qwen3-1p7b-smoke16-baseline-2026-06-20,2,15,0,186.25,0
prime-coevo-qwen3-1p7b-smoke16-baseline-2026-06-20,2,13,0,199.7,0
prime-coevo-qwen3-1p7b-smoke16-baseline-2026-06-20,2,10,0,193.75,0
prime-coevo-qwen3-1p7b-smoke16-baseline-2026-06-20,2,1,0,199.75000000000003,0
prime-coevo-qwen3-1p7b-smoke16-baseline-2026-06-20,2,15,0,196.25,0
prime-coevo-qwen3-1p7b-smoke16-baseline-2026-06-20,2,0,0,191.25,0
prime-coevo-qwen3-1p7b-smoke16-baseline-2026-06-20,2,6,0,196.25,0
prime-coevo-qwen3-1p7b-smoke16-baseline-2026-06-20,2,0,0,193.75,0
prime-coevo-qwen3-1p7b-smoke16-baseline-2026-06-20,2,5,0,203.75,0
prime-coevo-qwen3-1p7b-smoke16-baseline-2026-06-20,2,1,0,208.0,0
prime-coevo-qwen3-1p7b-smoke16-baseline-2026-06-20,2,14,0,192.47500000000002,0
prime-coevo-qwen3-1p7b-smoke16-baseline-2026-06-20,2,4,0,203.75,0
prime-coevo-qwen3-1p7b-smoke16-baseline-2026-06-20,2,14,0,196.25,0
prime-coevo-qwen3-1p7b-smoke16-baseline-2026-06-20,2,4,0,184.425,0
prime-coevo-qwen3-1p7b-smoke16-baseline-2026-06-20,2,11,0,192.95,0
prime-coevo-qwen3-1p7b-smoke16-baseline-2026-06-20,2,15,0,193.75,0
prime-coevo-qwen3-1p7b-smoke16-baseline-2026-06-20,2,12,0,194.4,0
prime-coevo-qwen3-1p7b-smoke16-baseline-2026-06-20,2,9,0,200.125,0
prime-coevo-qwen3-1p7b-smoke16-baseline-2026-06-20,2,12,0,196.25,0
prime-coevo-qwen3-1p7b-smoke16-baseline-2026-06-20,2,2,0,194.9,0
prime-coevo-qwen3-1p7b-smoke16-baseline-2026-06-20,2,1,0,186.825,0
prime-coevo-qwen3-1p7b-smoke16-baseline-2026-06-20,2,2,0,190.75,0
prime-coevo-qwen3-1p7b-smoke16-baseline-2026-06-20,2,0,0,198.25,0
prime-coevo-qwen3-1p7b-smoke16-baseline-2026-06-20,2,5,0,189.875,0
prime-coevo-qwen3-1p7b-smoke16-baseline-2026-06-20,2,9,0,191.25,0
prime-coevo-qwen3-1p7b-smoke16-baseline-2026-06-20,2,1,0,224.0,0
prime-coevo-qwen3-1p7b-smoke16-baseline-2026-06-20,2,11,0,190.125,0
prime-coevo-qwen3-1p7b-smoke16-baseline-2026-06-20,2,6,0,191.875,0
prime-coevo-qwen3-1p7b-smoke16-baseline-2026-06-20,3,9,0,198.5,0
prime-coevo-qwen3-1p7b-smoke16-baseline-2026-06-20,2,3,0,195.25,0
prime-coevo-qwen3-1p7b-smoke16-baseline-2026-06-20,2,7,0,193.0,0
prime-coevo-qwen3-1p7b-smoke16-baseline-2026-06-20,2,5,0,193.10000000000002,0
prime-coevo-qwen3-1p7b-smoke16-baseline-2026-06-20,2,7,0,193.75,0
prime-coevo-qwen3-1p7b-smoke16-baseline-2026-06-20,2,16,1,193.0,0
prime-coevo-qwen3-1p7b-smoke16-baseline-2026-06-20,2,16,1,193.05,0
prime-coevo-qwen3-1p7b-smoke16-baseline-2026-06-20,2,6,0,196.25,0
prime-coevo-qwen3-1p7b-smoke16-baseline-2026-06-20,2,11,0,198.375,0
prime-coevo-qwen3-1p7b-smoke16-baseline-2026-06-20,2,14,0,191.35,0
prime-coevo-qwen3-1p7b-smoke16-baseline-2026-06-20,3,12,0,198.75,0
prime-coevo-qwen3-1p7b-smoke16-baseline-2026-06-20,2,13,0,186.25,0
prime-coevo-qwen3-1p7b-smoke16-baseline-2026-06-20,2,13,0,196.25,0
prime-coevo-qwen3-1p7b-smoke16-baseline-2026-06-20,2,10,0,192.7,0
prime-coevo-qwen3-1p7b-smoke16-baseline-2026-06-20,2,14,0,191.975,0
prime-coevo-qwen3-1p7b-smoke16-baseline-2026-06-20,2,0,0,193.75,0
prime-coevo-qwen3-1p7b-smoke16-baseline-2026-06-20,2,10,0,196.25,0
prime-coevo-qwen3-1p7b-smoke16-baseline-2026-06-20,2,3,0,196.25,0
prime-coevo-qwen3-1p7b-smoke16-baseline-2026-06-20,2,13,0,193.75,0
prime-coevo-qwen3-1p7b-smoke16-baseline-2026-06-20,2,8,0,197.0,0
prime-coevo-qwen3-1p7b-smoke16-baseline-2026-06-20,2,8,0,196.25,0
prime-coevo-qwen3-1p7b-smoke16-baseline-2026-06-20,2,13,0,196.25,0
prime-coevo-qwen3-1p7b-smoke16-baseline-2026-06-20,3,14,0,190.4,0
prime-coevo-qwen3-1p7b-smoke16-baseline-2026-06-20,3,6,0,202.25,0
prime-coevo-qwen3-1p7b-smoke16-baseline-2026-06-20,3,14,0,194.75,0
prime-coevo-qwen3-1p7b-smoke16-baseline-2026-06-20,3,9,0,196.25,0
prime-coevo-qwen3-1p7b-smoke16-baseline-2026-06-20,3,0,0,194.95,0
prime-coevo-qwen3-1p7b-smoke16-baseline-2026-06-20,3,12,0,193.175,0
prime-coevo-qwen3-1p7b-smoke16-baseline-2026-06-20,3,0,0,196.25,0
prime-coevo-qwen3-1p7b-smoke16-baseline-2026-06-20,3,16,1,190.45,0
prime-coevo-qwen3-1p7b-smoke16-baseline-2026-06-20,3,0,0,196.9,0
prime-coevo-qwen3-1p7b-smoke16-baseline-2026-06-20,3,3,0,197.8,0
prime-coevo-qwen3-1p7b-smoke16-baseline-2026-06-20,3,3,0,182.9,0
prime-coevo-qwen3-1p7b-smoke16-baseline-2026-06-20,3,10,0,224.25,0
prime-coevo-qwen3-1p7b-smoke16-baseline-2026-06-20,3,3,0,196.25,0
prime-coevo-qwen3-1p7b-smoke16-baseline-2026-06-20,3,16,1,195.25,0
prime-coevo-qwen3-1p7b-smoke16-baseline-2026-06-20,3,1,0,192.95,0
prime-coevo-qwen3-1p7b-smoke16-baseline-2026-06-20,3,4,0,193.75,0
prime-coevo-qwen3-1p7b-smoke16-baseline-2026-06-20,3,11,0,187.47500000000002,0
prime-coevo-qwen3-1p7b-smoke16-baseline-2026-06-20,3,6,0,196.25,0
prime-coevo-qwen3-1p7b-smoke16-baseline-2026-06-20,3,9,0,193.75,0
prime-coevo-qwen3-1p7b-smoke16-baseline-2026-06-20,3,16,1,198.75,0
prime-coevo-qwen3-1p7b-smoke16-baseline-2026-06-20,3,15,0,204.75,0
prime-coevo-qwen3-1p7b-smoke16-baseline-2026-06-20,3,7,0,178.75,0
prime-coevo-qwen3-1p7b-smoke16-baseline-2026-06-20,3,15,0,196.25,0
prime-coevo-qwen3-1p7b-smoke16-baseline-2026-06-20,3,4,0,196.25,0
prime-coevo-qwen3-1p7b-smoke16-baseline-2026-06-20,3,7,0,193.75,0
prime-coevo-qwen3-1p7b-smoke16-baseline-2026-06-20,3,10,0,196.25,0
prime-coevo-qwen3-1p7b-smoke16-baseline-2026-06-20,3,12,0,193.75,0
prime-coevo-qwen3-1p7b-smoke16-baseline-2026-06-20,3,1,0,196.25,0
prime-coevo-qwen3-1p7b-smoke16-baseline-2026-06-20,3,5,0,191.25,0
prime-coevo-qwen3-1p7b-smoke16-baseline-2026-06-20,3,7,0,194.75,0
prime-coevo-qwen3-1p7b-smoke16-baseline-2026-06-20,3,3,0,190.15,0
prime-coevo-qwen3-1p7b-smoke16-baseline-2026-06-20,3,2,0,187.65,0
prime-coevo-qwen3-1p7b-smoke16-baseline-2026-06-20,3,5,0,196.25,0
prime-coevo-qwen3-1p7b-smoke16-baseline-2026-06-20,3,9,0,189.97500000000002,0
prime-coevo-qwen3-1p7b-smoke16-baseline-2026-06-20,3,9,0,184.45,0
prime-coevo-qwen3-1p7b-smoke16-baseline-2026-06-20,3,2,0,211.075,0
prime-coevo-qwen3-1p7b-smoke16-baseline-2026-06-20,3,8,0,195.875,0
prime-coevo-qwen3-1p7b-smoke16-baseline-2026-06-20,3,11,0,199.75,0
prime-coevo-qwen3-1p7b-smoke16-baseline-2026-06-20,3,15,0,195.25,0
prime-coevo-qwen3-1p7b-smoke16-baseline-2026-06-20,3,11,0,196.25,0
prime-coevo-qwen3-1p7b-smoke16-baseline-2026-06-20,3,8,0,196.25,0
prime-coevo-qwen3-1p7b-smoke16-baseline-2026-06-20,3,12,0,214.45,0
prime-coevo-qwen3-1p7b-smoke16-baseline-2026-06-20,3,14,0,194.45,0
prime-coevo-qwen3-1p7b-smoke16-baseline-2026-06-20,3,7,0,193.75,0
prime-coevo-qwen3-1p7b-smoke16-baseline-2026-06-20,3,16,1,196.25,0
prime-coevo-qwen3-1p7b-smoke16-baseline-2026-06-20,3,3,0,191.25,0
prime-coevo-qwen3-1p7b-smoke16-baseline-2026-06-20,3,0,0,198.0,0
prime-coevo-qwen3-1p7b-smoke16-baseline-2026-06-20,3,14,0,194.4,0
prime-coevo-qwen3-1p7b-smoke16-baseline-2026-06-20,3,16,1,191.125,0
prime-coevo-qwen3-1p7b-smoke16-baseline-2026-06-20,3,4,0,188.35000000000002,0
prime-coevo-qwen3-1p7b-smoke16-baseline-2026-06-20,3,15,0,196.25,0
prime-coevo-qwen3-1p7b-smoke16-baseline-2026-06-20,3,8,0,193.60000000000002,0
prime-coevo-qwen3-1p7b-smoke16-baseline-2026-06-20,3,8,0,178.75,0
prime-coevo-qwen3-1p7b-smoke16-baseline-2026-06-20,3,5,0,194.25,0
prime-coevo-qwen3-1p7b-smoke16-baseline-2026-06-20,3,10,0,190.525,0
prime-coevo-qwen3-1p7b-smoke16-baseline-2026-06-20,3,4,0,191.675,0
prime-coevo-qwen3-1p7b-smoke16-baseline-2026-06-20,3,13,0,231.3,0
prime-coevo-qwen3-1p7b-smoke16-baseline-2026-06-20,3,12,0,191.95,0
prime-coevo-qwen3-1p7b-smoke16-baseline-2026-06-20,3,7,0,223.4,0
prime-coevo-qwen3-1p7b-smoke16-baseline-2026-06-20,3,2,0,196.4,0
prime-coevo-qwen3-1p7b-smoke16-baseline-2026-06-20,3,10,0,196.25,0
prime-coevo-qwen3-1p7b-smoke16-baseline-2026-06-20,3,5,0,193.75,0
prime-coevo-qwen3-1p7b-smoke16-baseline-2026-06-20,3,2,0,194.72500000000002,0
prime-coevo-qwen3-1p7b-smoke16-baseline-2026-06-20,3,13,0,201.75,0
prime-coevo-qwen3-1p7b-smoke16-baseline-2026-06-20,3,0,0,213.675,0
prime-coevo-qwen3-1p7b-smoke16-baseline-2026-06-20,3,1,0,197.75,0
prime-coevo-qwen3-1p7b-smoke16-baseline-2026-06-20,3,3,0,195.5,0
prime-coevo-qwen3-1p7b-smoke16-baseline-2026-06-20,3,9,0,197.0,0
prime-coevo-qwen3-1p7b-smoke16-baseline-2026-06-20,3,11,0,189.3,0
prime-coevo-qwen3-1p7b-smoke16-baseline-2026-06-20,3,1,0,199.25,0
prime-coevo-qwen3-1p7b-smoke16-baseline-2026-06-20,3,1,0,190.85000000000002,0
prime-coevo-qwen3-1p7b-smoke16-baseline-2026-06-20,3,11,0,196.25,0
prime-coevo-qwen3-1p7b-smoke16-baseline-2026-06-20,3,9,0,191.825,0
prime-coevo-qwen3-1p7b-smoke16-baseline-2026-06-20,3,0,0,194.75,0
prime-coevo-qwen3-1p7b-smoke16-baseline-2026-06-20,3,6,0,196.25,0
prime-coevo-qwen3-1p7b-smoke16-baseline-2026-06-20,3,6,0,196.25,0
prime-coevo-qwen3-1p7b-smoke16-baseline-2026-06-20,3,0,0,187.8,0
prime-coevo-qwen3-1p7b-smoke16-baseline-2026-06-20,3,15,0,186.25,0
prime-coevo-qwen3-1p7b-smoke16-baseline-2026-06-20,3,15,0,193.75,0
prime-coevo-qwen3-1p7b-smoke16-baseline-2026-06-20,3,6,0,190.25,0
prime-coevo-qwen3-1p7b-smoke16-baseline-2026-06-20,3,13,0,196.25,0
prime-coevo-qwen3-1p7b-smoke16-baseline-2026-06-20,3,13,0,247.85,0
prime-coevo-qwen3-1p7b-smoke16-baseline-2026-06-20,3,3,0,196.25,0
prime-coevo-qwen3-1p7b-smoke16-baseline-2026-06-20,3,16,1,195.5,0
prime-coevo-qwen3-1p7b-smoke16-baseline-2026-06-20,3,6,0,193.25,0
prime-coevo-qwen3-1p7b-smoke16-baseline-2026-06-20,3,16,1,200.0,0
prime-coevo-qwen3-1p7b-smoke16-baseline-2026-06-20,3,12,0,194.525,0
prime-coevo-qwen3-1p7b-smoke16-baseline-2026-06-20,3,11,0,197.25,0
prime-coevo-qwen3-1p7b-smoke16-baseline-2026-06-20,3,8,0,188.55,0
prime-coevo-qwen3-1p7b-smoke16-baseline-2026-06-20,3,0,0,191.5,0
prime-coevo-qwen3-1p7b-smoke16-baseline-2026-06-20,3,14,0,208.75,0
prime-coevo-qwen3-1p7b-smoke16-baseline-2026-06-20,3,5,0,189.9,0
prime-coevo-qwen3-1p7b-smoke16-baseline-2026-06-20,3,14,0,196.25,0
prime-coevo-qwen3-1p7b-smoke16-baseline-2026-06-20,4,1,0,198.0,0
prime-coevo-qwen3-1p7b-smoke16-baseline-2026-06-20,3,12,0,198.85,0
prime-coevo-qwen3-1p7b-smoke16-baseline-2026-06-20,3,2,0,195.5,0
prime-coevo-qwen3-1p7b-smoke16-baseline-2026-06-20,3,11,0,194.75,0
prime-coevo-qwen3-1p7b-smoke16-baseline-2026-06-20,3,2,0,196.25,0
prime-coevo-qwen3-1p7b-smoke16-baseline-2026-06-20,4,4,0,195.9,0
prime-coevo-qwen3-1p7b-smoke16-baseline-2026-06-20,4,7,0,199.0,0
prime-coevo-qwen3-1p7b-smoke16-baseline-2026-06-20,3,5,0,194.75,0
prime-coevo-qwen3-1p7b-smoke16-baseline-2026-06-20,3,8,0,194.45,0
prime-coevo-qwen3-1p7b-smoke16-baseline-2026-06-20,4,10,0,176.25,0
prime-coevo-qwen3-1p7b-smoke16-baseline-2026-06-20,4,4,0,190.4,0
prime-coevo-qwen3-1p7b-smoke16-baseline-2026-06-20,4,8,0,200.375,0
prime-coevo-qwen3-1p7b-smoke16-baseline-2026-06-20,4,7,0,192.925,0
prime-coevo-qwen3-1p7b-smoke16-baseline-2026-06-20,4,13,0,193.16000000000003,0
prime-coevo-qwen3-1p7b-smoke16-baseline-2026-06-20,4,1,0,197.5,0
prime-coevo-qwen3-1p7b-smoke16-baseline-2026-06-20,4,14,0,190.5,0
prime-coevo-qwen3-1p7b-smoke16-baseline-2026-06-20,4,3,0,193.75,0
prime-coevo-qwen3-1p7b-smoke16-baseline-2026-06-20,4,6,0,247.65,0
prime-coevo-qwen3-1p7b-smoke16-baseline-2026-06-20,4,10,0,194.5,0
prime-coevo-qwen3-1p7b-smoke16-baseline-2026-06-20,4,7,0,196.25,0
prime-coevo-qwen3-1p7b-smoke16-baseline-2026-06-20,4,6,0,195.05,0
prime-coevo-qwen3-1p7b-smoke16-baseline-2026-06-20,4,13,0,193.75,0
prime-coevo-qwen3-1p7b-smoke16-baseline-2026-06-20,4,14,0,189.75,0
prime-coevo-qwen3-1p7b-smoke16-baseline-2026-06-20,4,16,1,189.675,0
prime-coevo-qwen3-1p7b-smoke16-baseline-2026-06-20,4,10,0,197.6,0
prime-coevo-qwen3-1p7b-smoke16-baseline-2026-06-20,4,8,0,196.25,0
prime-coevo-qwen3-1p7b-smoke16-baseline-2026-06-20,4,4,0,199.75,0
prime-coevo-qwen3-1p7b-smoke16-baseline-2026-06-20,4,3,0,186.675,0
prime-coevo-qwen3-1p7b-smoke16-baseline-2026-06-20,4,4,0,194.75,0
prime-coevo-qwen3-1p7b-smoke16-baseline-2026-06-20,4,5,0,193.55,0
prime-coevo-qwen3-1p7b-smoke16-baseline-2026-06-20,4,1,0,201.75,0
prime-coevo-qwen3-1p7b-smoke16-baseline-2026-06-20,4,15,0,185.60000000000002,0
prime-coevo-qwen3-1p7b-smoke16-baseline-2026-06-20,4,10,0,194.5,0
prime-coevo-qwen3-1p7b-smoke16-baseline-2026-06-20,4,15,0,201.0,0
prime-coevo-qwen3-1p7b-smoke16-baseline-2026-06-20,4,7,0,193.75,0
prime-coevo-qwen3-1p7b-smoke16-baseline-2026-06-20,4,16,1,196.25,0
prime-coevo-qwen3-1p7b-smoke16-baseline-2026-06-20,4,5,0,196.25,0
prime-coevo-qwen3-1p7b-smoke16-baseline-2026-06-20,4,3,0,196.25,0
prime-coevo-qwen3-1p7b-smoke16-baseline-2026-06-20,4,7,0,186.425,0
prime-coevo-qwen3-1p7b-smoke16-baseline-2026-06-20,4,0,0,199.8,0
prime-coevo-qwen3-1p7b-smoke16-baseline-2026-06-20,4,1,0,187.2,0
prime-coevo-qwen3-1p7b-smoke16-baseline-2026-06-20,4,12,0,190.75,0
prime-coevo-qwen3-1p7b-smoke16-baseline-2026-06-20,4,0,0,200.05,0
prime-coevo-qwen3-1p7b-smoke16-baseline-2026-06-20,4,4,0,196.25,0
prime-coevo-qwen3-1p7b-smoke16-baseline-2026-06-20,4,2,0,192.375,0
prime-coevo-qwen3-1p7b-smoke16-baseline-2026-06-20,4,11,0,206.9,0
prime-coevo-qwen3-1p7b-smoke16-baseline-2026-06-20,4,1,0,196.25,0
prime-coevo-qwen3-1p7b-smoke16-baseline-2026-06-20,4,9,0,193.075,0
prime-coevo-qwen3-1p7b-smoke16-baseline-2026-06-20,4,12,0,196.25,0
prime-coevo-qwen3-1p7b-smoke16-baseline-2026-06-20,4,7,0,239.75,0
prime-coevo-qwen3-1p7b-smoke16-baseline-2026-06-20,4,9,0,189.75,0
prime-coevo-qwen3-1p7b-smoke16-baseline-2026-06-20,4,11,0,191.25,0
prime-coevo-qwen3-1p7b-smoke16-baseline-2026-06-20,4,2,0,202.4,0
prime-coevo-qwen3-1p7b-smoke16-baseline-2026-06-20,4,14,0,193.0,0
prime-coevo-qwen3-1p7b-smoke16-baseline-2026-06-20,4,6,0,196.175,0
prime-coevo-qwen3-1p7b-smoke16-baseline-2026-06-20,4,7,0,186.65,0
prime-coevo-qwen3-1p7b-smoke16-baseline-2026-06-20,4,9,0,187.10000000000002,0
prime-coevo-qwen3-1p7b-smoke16-baseline-2026-06-20,4,10,0,190.4,0
prime-coevo-qwen3-1p7b-smoke16-baseline-2026-06-20,4,15,0,202.625,0
prime-coevo-qwen3-1p7b-smoke16-baseline-2026-06-20,4,5,0,189.05,0
prime-coevo-qwen3-1p7b-smoke16-baseline-2026-06-20,4,14,0,196.25,0
prime-coevo-qwen3-1p7b-smoke16-baseline-2026-06-20,4,10,0,197.25,0
prime-coevo-qwen3-1p7b-smoke16-baseline-2026-06-20,4,10,0,193.75,0
prime-coevo-qwen3-1p7b-smoke16-baseline-2026-06-20,4,2,0,193.75,0
prime-coevo-qwen3-1p7b-smoke16-baseline-2026-06-20,4,15,0,210.64999999999998,0
prime-coevo-qwen3-1p7b-smoke16-baseline-2026-06-20,4,5,0,196.25,0
prime-coevo-qwen3-1p7b-smoke16-baseline-2026-06-20,4,4,0,198.75,0
prime-coevo-qwen3-1p7b-smoke16-baseline-2026-06-20,4,3,0,187.4,0
prime-coevo-qwen3-1p7b-smoke16-baseline-2026-06-20,4,3,0,188.45,0
prime-coevo-qwen3-1p7b-smoke16-baseline-2026-06-20,4,12,0,193.4,0
prime-coevo-qwen3-1p7b-smoke16-baseline-2026-06-20,4,2,0,196.25,0
prime-coevo-qwen3-1p7b-smoke16-baseline-2026-06-20,5,1,0,199.5,0
prime-coevo-qwen3-1p7b-smoke16-baseline-2026-06-20,4,12,0,189.5,0
prime-coevo-qwen3-1p7b-smoke16-baseline-2026-06-20,4,4,0,192.5,0
prime-coevo-qwen3-1p7b-smoke16-baseline-2026-06-20,4,16,1,193.75,0
prime-coevo-qwen3-1p7b-smoke16-baseline-2026-06-20,4,16,1,193.75,0
prime-coevo-qwen3-1p7b-smoke16-baseline-2026-06-20,4,8,0,202.0,0
prime-coevo-qwen3-1p7b-smoke16-baseline-2026-06-20,4,9,0,193.75,0
prime-coevo-qwen3-1p7b-smoke16-baseline-2026-06-20,4,0,0,190.025,0
prime-coevo-qwen3-1p7b-smoke16-baseline-2026-06-20,4,0,0,191.65,0
prime-coevo-qwen3-1p7b-smoke16-baseline-2026-06-20,4,11,0,189.4,0
prime-coevo-qwen3-1p7b-smoke16-baseline-2026-06-20,4,11,0,196.45,0
prime-coevo-qwen3-1p7b-smoke16-baseline-2026-06-20,4,13,0,194.325,0
prime-coevo-qwen3-1p7b-smoke16-baseline-2026-06-20,5,9,0,198.5,0
prime-coevo-qwen3-1p7b-smoke16-baseline-2026-06-20,4,6,0,196.25,0
prime-coevo-qwen3-1p7b-smoke16-baseline-2026-06-20,4,1,0,194.75,0
prime-coevo-qwen3-1p7b-smoke16-baseline-2026-06-20,4,1,0,196.625,0
prime-coevo-qwen3-1p7b-smoke16-baseline-2026-06-20,4,8,0,195.25,0
prime-coevo-qwen3-1p7b-smoke16-baseline-2026-06-20,5,16,1,193.75,0
prime-coevo-qwen3-1p7b-smoke16-baseline-2026-06-20,5,8,0,192.75,0
prime-coevo-qwen3-1p7b-smoke16-baseline-2026-06-20,4,13,0,198.75,0
prime-coevo-qwen3-1p7b-smoke16-baseline-2026-06-20,5,16,1,219.85,0
prime-coevo-qwen3-1p7b-smoke16-baseline-2026-06-20,5,2,0,197.75,0
prime-coevo-qwen3-1p7b-smoke16-baseline-2026-06-20,4,8,0,196.25,0
prime-coevo-qwen3-1p7b-smoke16-baseline-2026-06-20,5,3,0,192.25,0
prime-coevo-qwen3-1p7b-smoke16-baseline-2026-06-20,5,2,0,197.0,0
prime-coevo-qwen3-1p7b-smoke16-baseline-2026-06-20,5,13,0,199.25,0
prime-coevo-qwen3-1p7b-smoke16-baseline-2026-06-20,5,6,0,193.75,0
prime-coevo-qwen3-1p7b-smoke16-baseline-2026-06-20,5,5,0,215.3,0
prime-coevo-qwen3-1p7b-smoke16-baseline-2026-06-20,5,1,0,188.65,0
prime-coevo-qwen3-1p7b-smoke16-baseline-2026-06-20,5,7,0,192.55,0
prime-coevo-qwen3-1p7b-smoke16-baseline-2026-06-20,5,14,0,194.125,0
prime-coevo-qwen3-1p7b-smoke16-baseline-2026-06-20,5,5,0,196.25,0
prime-coevo-qwen3-1p7b-smoke16-baseline-2026-06-20,5,4,0,207.7,0
prime-coevo-qwen3-1p7b-smoke16-baseline-2026-06-20,5,13,0,208.75,0
prime-coevo-qwen3-1p7b-smoke16-baseline-2026-06-20,5,9,0,196.25,0
prime-coevo-qwen3-1p7b-smoke16-baseline-2026-06-20,5,4,0,192.2,0
prime-coevo-qwen3-1p7b-smoke16-baseline-2026-06-20,5,3,0,196.25,0
prime-coevo-qwen3-1p7b-smoke16-baseline-2026-06-20,5,7,0,193.75,0
prime-coevo-qwen3-1p7b-smoke16-baseline-2026-06-20,5,1,0,196.25,0
prime-coevo-qwen3-1p7b-smoke16-baseline-2026-06-20,5,14,0,191.45,0
prime-coevo-qwen3-1p7b-smoke16-baseline-2026-06-20,5,6,0,197.25,0
prime-coevo-qwen3-1p7b-smoke16-baseline-2026-06-20,5,6,0,193.75,0
prime-coevo-qwen3-1p7b-smoke16-baseline-2026-06-20,5,10,0,184.05,0
prime-coevo-qwen3-1p7b-smoke16-baseline-2026-06-20,5,0,0,188.75,0
prime-coevo-qwen3-1p7b-smoke16-baseline-2026-06-20,5,12,0,193.875,0
prime-coevo-qwen3-1p7b-smoke16-baseline-2026-06-20,5,13,0,195.625,0
prime-coevo-qwen3-1p7b-smoke16-baseline-2026-06-20,5,11,0,194.25,0
prime-coevo-qwen3-1p7b-smoke16-baseline-2026-06-20,5,1,0,189.35,0
prime-coevo-qwen3-1p7b-smoke16-baseline-2026-06-20,5,0,0,196.25,0
prime-coevo-qwen3-1p7b-smoke16-baseline-2026-06-20,5,15,0,196.25,0
prime-coevo-qwen3-1p7b-smoke16-baseline-2026-06-20,5,10,0,196.25,0
prime-coevo-qwen3-1p7b-smoke16-baseline-2026-06-20,5,13,0,188.55,0
prime-coevo-qwen3-1p7b-smoke16-baseline-2026-06-20,5,9,0,183.75,0
prime-coevo-qwen3-1p7b-smoke16-baseline-2026-06-20,5,1,0,191.75,0
prime-coevo-qwen3-1p7b-smoke16-baseline-2026-06-20,5,12,0,202.75,0
prime-coevo-qwen3-1p7b-smoke16-baseline-2026-06-20,5,11,0,192.56,0
prime-coevo-qwen3-1p7b-smoke16-baseline-2026-06-20,5,15,0,196.25,0
prime-coevo-qwen3-1p7b-smoke16-baseline-2026-06-20,5,11,0,193.75,0
prime-coevo-qwen3-1p7b-smoke16-baseline-2026-06-20,5,8,0,192.75,0
prime-coevo-qwen3-1p7b-smoke16-baseline-2026-06-20,5,14,0,190.475,0
prime-coevo-qwen3-1p7b-smoke16-baseline-2026-06-20,5,2,0,187.275,0
prime-coevo-qwen3-1p7b-smoke16-baseline-2026-06-20,5,14,0,211.25,0
prime-coevo-qwen3-1p7b-smoke16-baseline-2026-06-20,5,4,0,188.35000000000002,0
prime-coevo-qwen3-1p7b-smoke16-baseline-2026-06-20,5,11,0,196.25,0
prime-coevo-qwen3-1p7b-smoke16-baseline-2026-06-20,5,8,0,193.75,0
prime-coevo-qwen3-1p7b-smoke16-baseline-2026-06-20,5,15,0,189.325,0
prime-coevo-qwen3-1p7b-smoke16-baseline-2026-06-20,5,5,0,197.2,0
prime-coevo-qwen3-1p7b-smoke16-baseline-2026-06-20,5,7,0,189.75,0
prime-coevo-qwen3-1p7b-smoke16-baseline-2026-06-20,5,10,0,196.45,0
prime-coevo-qwen3-1p7b-smoke16-baseline-2026-06-20,5,16,1,200.25,0
prime-coevo-qwen3-1p7b-smoke16-baseline-2026-06-20,5,2,0,196.25,0
prime-coevo-qwen3-1p7b-smoke16-baseline-2026-06-20,5,5,0,193.75,0
prime-coevo-qwen3-1p7b-smoke16-baseline-2026-06-20,5,16,1,199.5,0
prime-coevo-qwen3-1p7b-smoke16-baseline-2026-06-20,5,10,0,190.625,0
prime-coevo-qwen3-1p7b-smoke16-baseline-2026-06-20,5,15,0,199.35,0
prime-coevo-qwen3-1p7b-smoke16-baseline-2026-06-20,5,7,0,196.25,0
prime-coevo-qwen3-1p7b-smoke16-baseline-2026-06-20,5,0,0,194.5,0
prime-coevo-qwen3-1p7b-smoke16-baseline-2026-06-20,5,3,0,198.25,0
prime-coevo-qwen3-1p7b-smoke16-baseline-2026-06-20,5,4,0,196.25,0
prime-coevo-qwen3-1p7b-smoke16-baseline-2026-06-20,5,12,0,226.375,0
prime-coevo-qwen3-1p7b-smoke16-baseline-2026-06-20,5,0,0,202.375,0
prime-coevo-qwen3-1p7b-smoke16-baseline-2026-06-20,5,3,0,196.5,0
prime-coevo-qwen3-1p7b-smoke16-baseline-2026-06-20,5,12,0,195.35,0
prime-coevo-qwen3-1p7b-smoke16-baseline-2026-06-20,5,6,0,189.7,0
prime-coevo-qwen3-1p7b-smoke16-baseline-2026-06-20,5,9,0,196.25,0
prime-coevo-qwen3-1p7b-smoke16-baseline-2026-06-20,5,9,0,196.25,0
prime-coevo-qwen3-1p7b-smoke16-baseline-2026-06-20,5,12,0,196.25,0
prime-coevo-qwen3-1p7b-smoke16-baseline-2026-06-20,5,6,0,196.25,0
prime-coevo-qwen3-1p7b-smoke16-baseline-2026-06-20,5,14,0,189.275,0
prime-coevo-qwen3-1p7b-smoke16-baseline-2026-06-20,5,11,0,189.97500000000002,0
prime-coevo-qwen3-1p7b-smoke16-baseline-2026-06-20,5,11,0,194.95,0
prime-coevo-qwen3-1p7b-smoke16-baseline-2026-06-20,5,12,0,193.75,0
prime-coevo-qwen3-1p7b-smoke16-baseline-2026-06-20,5,14,0,194.325,0
prime-coevo-qwen3-1p7b-smoke16-baseline-2026-06-20,6,1,0,203.25,0
prime-coevo-qwen3-1p7b-smoke16-baseline-2026-06-20,6,15,0,194.4,0
prime-coevo-qwen3-1p7b-smoke16-baseline-2026-06-20,6,3,0,196.54999999999998,0
prime-coevo-qwen3-1p7b-smoke16-baseline-2026-06-20,6,6,0,193.5,0
prime-coevo-qwen3-1p7b-smoke16-baseline-2026-06-20,6,16,1,203.75,0
prime-coevo-qwen3-1p7b-smoke16-baseline-2026-06-20,6,15,0,193.75,0
prime-coevo-qwen3-1p7b-smoke16-baseline-2026-06-20,6,10,0,196.25,0
prime-coevo-qwen3-1p7b-smoke16-baseline-2026-06-20,6,6,0,190.275,0
prime-coevo-qwen3-1p7b-smoke16-baseline-2026-06-20,6,10,0,196.25,0
prime-coevo-qwen3-1p7b-smoke16-baseline-2026-06-20,6,3,0,194.4,0
prime-coevo-qwen3-1p7b-smoke16-baseline-2026-06-20,6,1,0,196.25,0
prime-coevo-qwen3-1p7b-smoke16-baseline-2026-06-20,6,16,1,196.25,0
prime-coevo-qwen3-1p7b-smoke16-baseline-2026-06-20,6,10,0,193.35000000000002,0
prime-coevo-qwen3-1p7b-smoke16-baseline-2026-06-20,6,4,0,186.77500000000003,0
prime-coevo-qwen3-1p7b-smoke16-baseline-2026-06-20,6,4,0,187.725,0
prime-coevo-qwen3-1p7b-smoke16-baseline-2026-06-20,6,13,0,197.75,0
prime-coevo-qwen3-1p7b-smoke16-baseline-2026-06-20,6,13,0,197.575,0
prime-coevo-qwen3-1p7b-smoke16-baseline-2026-06-20,6,0,0,187.525,0
prime-coevo-qwen3-1p7b-smoke16-baseline-2026-06-20,6,9,0,205.45,0
prime-coevo-qwen3-1p7b-smoke16-baseline-2026-06-20,6,5,0,189.9,0
prime-coevo-qwen3-1p7b-smoke16-baseline-2026-06-20,6,0,0,194.10000000000002,0
prime-coevo-qwen3-1p7b-smoke16-baseline-2026-06-20,6,9,0,191.75,0
prime-coevo-qwen3-1p7b-smoke16-baseline-2026-06-20,6,7,0,222.3,0
prime-coevo-qwen3-1p7b-smoke16-baseline-2026-06-20,6,0,0,240.5,0
prime-coevo-qwen3-1p7b-smoke16-baseline-2026-06-20,6,2,0,186.95,0
prime-coevo-qwen3-1p7b-smoke16-baseline-2026-06-20,6,3,0,195.65,0
prime-coevo-qwen3-1p7b-smoke16-baseline-2026-06-20,6,5,0,231.75,0
prime-coevo-qwen3-1p7b-smoke16-baseline-2026-06-20,6,2,0,193.25,0
prime-coevo-qwen3-1p7b-smoke16-baseline-2026-06-20,6,7,0,194.4,0
prime-coevo-qwen3-1p7b-smoke16-baseline-2026-06-20,6,8,0,196.25,0
prime-coevo-qwen3-1p7b-smoke16-baseline-2026-06-20,6,8,0,196.25,0
prime-coevo-qwen3-1p7b-smoke16-baseline-2026-06-20,6,14,0,195.875,0
prime-coevo-qwen3-1p7b-smoke16-baseline-2026-06-20,6,5,0,195.5,0
prime-coevo-qwen3-1p7b-smoke16-baseline-2026-06-20,6,14,0,191.47500000000002,0
prime-coevo-qwen3-1p7b-smoke16-baseline-2026-06-20,6,5,0,194.15,0
prime-coevo-qwen3-1p7b-smoke16-baseline-2026-06-20,6,4,0,188.425,0
prime-coevo-qwen3-1p7b-smoke16-baseline-2026-06-20,6,2,0,224.5,0
prime-coevo-qwen3-1p7b-smoke16-baseline-2026-06-20,6,15,0,199.0,0
prime-coevo-qwen3-1p7b-smoke16-baseline-2026-06-20,6,6,0,193.75,0
prime-coevo-qwen3-1p7b-smoke16-baseline-2026-06-20,6,6,0,193.75,0
prime-coevo-qwen3-1p7b-smoke16-baseline-2026-06-20,6,7,0,189.35000000000002,0
prime-coevo-qwen3-1p7b-smoke16-baseline-2026-06-20,6,2,0,196.35,0
prime-coevo-qwen3-1p7b-smoke16-baseline-2026-06-20,6,1,0,191.9,0
prime-coevo-qwen3-1p7b-smoke16-baseline-2026-06-20,6,4,0,196.25,0
prime-coevo-qwen3-1p7b-smoke16-baseline-2026-06-20,6,9,0,196.25,0
prime-coevo-qwen3-1p7b-smoke16-baseline-2026-06-20,6,9,0,196.25,0
prime-coevo-qwen3-1p7b-smoke16-baseline-2026-06-20,6,0,0,185.875,0
prime-coevo-qwen3-1p7b-smoke16-baseline-2026-06-20,6,13,0,241.75,0
prime-coevo-qwen3-1p7b-smoke16-baseline-2026-06-20,6,1,0,196.25,0
prime-coevo-qwen3-1p7b-smoke16-baseline-2026-06-20,6,9,0,191.05,0
prime-coevo-qwen3-1p7b-smoke16-baseline-2026-06-20,6,7,0,188.75,0
prime-coevo-qwen3-1p7b-smoke16-baseline-2026-06-20,6,11,0,204.75,0
prime-coevo-qwen3-1p7b-smoke16-baseline-2026-06-20,6,0,0,196.25,0
prime-coevo-qwen3-1p7b-smoke16-baseline-2026-06-20,6,11,0,206.175,0
prime-coevo-qwen3-1p7b-smoke16-baseline-2026-06-20,6,4,0,199.0,0
prime-coevo-qwen3-1p7b-smoke16-baseline-2026-06-20,6,3,0,199.85,0
prime-coevo-qwen3-1p7b-smoke16-baseline-2026-06-20,6,8,0,192.9,0
prime-coevo-qwen3-1p7b-smoke16-baseline-2026-06-20,6,3,0,198.85,0
prime-coevo-qwen3-1p7b-smoke16-baseline-2026-06-20,6,13,0,196.25,0
prime-coevo-qwen3-1p7b-smoke16-baseline-2026-06-20,6,14,0,189.775,0
prime-coevo-qwen3-1p7b-smoke16-baseline-2026-06-20,6,15,0,211.5,0
prime-coevo-qwen3-1p7b-smoke16-baseline-2026-06-20,6,8,0,181.25,0
prime-coevo-qwen3-1p7b-smoke16-baseline-2026-06-20,6,12,0,197.375,0
prime-coevo-qwen3-1p7b-smoke16-baseline-2026-06-20,6,9,0,190.775,0
prime-coevo-qwen3-1p7b-smoke16-baseline-2026-06-20,6,12,0,191.9,0
prime-coevo-qwen3-1p7b-smoke16-baseline-2026-06-20,6,9,0,188.75,0
prime-coevo-qwen3-1p7b-smoke16-baseline-2026-06-20,6,2,0,202.5,0
prime-coevo-qwen3-1p7b-smoke16-baseline-2026-06-20,6,16,1,194.75,0
prime-coevo-qwen3-1p7b-smoke16-baseline-2026-06-20,6,16,1,196.25,0
prime-coevo-qwen3-1p7b-smoke16-baseline-2026-06-20,6,10,0,193.2,0
prime-coevo-qwen3-1p7b-smoke16-baseline-2026-06-20,6,14,0,193.25,0
prime-coevo-qwen3-1p7b-smoke16-baseline-2026-06-20,6,10,0,206.75,0
prime-coevo-qwen3-1p7b-smoke16-baseline-2026-06-20,6,10,0,196.25,0
prime-coevo-qwen3-1p7b-smoke16-baseline-2026-06-20,6,10,0,197.25,0
prime-coevo-qwen3-1p7b-smoke16-baseline-2026-06-20,6,5,0,196.25,0
prime-coevo-qwen3-1p7b-smoke16-baseline-2026-06-20,6,16,1,189.70000000000002,0
prime-coevo-qwen3-1p7b-smoke16-baseline-2026-06-20,6,5,0,193.75,0
prime-coevo-qwen3-1p7b-smoke16-baseline-2026-06-20,6,15,0,196.25,0
prime-coevo-qwen3-1p7b-smoke16-baseline-2026-06-20,6,6,0,197.25,0
prime-coevo-qwen3-1p7b-smoke16-baseline-2026-06-20,6,16,1,196.25,0
prime-coevo-qwen3-1p7b-smoke16-baseline-2026-06-20,6,1,0,189.505,0
prime-coevo-qwen3-1p7b-smoke16-baseline-2026-06-20,6,4,0,193.75,0
prime-coevo-qwen3-1p7b-smoke16-baseline-2026-06-20,6,2,0,194.95,0
prime-coevo-qwen3-1p7b-smoke16-baseline-2026-06-20,6,7,0,182.875,0
prime-coevo-qwen3-1p7b-smoke16-baseline-2026-06-20,6,15,0,191.465,0
prime-coevo-qwen3-1p7b-smoke16-baseline-2026-06-20,7,10,0,199.25,0
prime-coevo-qwen3-1p7b-smoke16-baseline-2026-06-20,6,0,0,195.1,0
prime-coevo-qwen3-1p7b-smoke16-baseline-2026-06-20,6,6,0,196.25,0
prime-coevo-qwen3-1p7b-smoke16-baseline-2026-06-20,6,7,0,193.75,0
prime-coevo-qwen3-1p7b-smoke16-baseline-2026-06-20,6,12,0,213.0,0
prime-coevo-qwen3-1p7b-smoke16-baseline-2026-06-20,6,15,0,242.15,0
prime-coevo-qwen3-1p7b-smoke16-baseline-2026-06-20,6,3,0,182.75,0
prime-coevo-qwen3-1p7b-smoke16-baseline-2026-06-20,6,8,0,186.97500000000002,0
prime-coevo-qwen3-1p7b-smoke16-baseline-2026-06-20,6,1,0,191.5,0
prime-coevo-qwen3-1p7b-smoke16-baseline-2026-06-20,6,3,0,191.85000000000002,0
prime-coevo-qwen3-1p7b-smoke16-baseline-2026-06-20,6,0,0,194.45,0
prime-coevo-qwen3-1p7b-smoke16-baseline-2026-06-20,6,2,0,186.75,0
prime-coevo-qwen3-1p7b-smoke16-baseline-2026-06-20,6,11,0,173.75,0
prime-coevo-qwen3-1p7b-smoke16-baseline-2026-06-20,6,4,0,196.25,0
prime-coevo-qwen3-1p7b-smoke16-baseline-2026-06-20,6,11,0,193.95,0
prime-coevo-qwen3-1p7b-smoke16-baseline-2026-06-20,6,13,0,189.125,0
prime-coevo-qwen3-1p7b-smoke16-baseline-2026-06-20,6,12,0,198.25,0
prime-coevo-qwen3-1p7b-smoke16-baseline-2026-06-20,7,7,0,195.15000000000003,0
prime-coevo-qwen3-1p7b-smoke16-baseline-2026-06-20,6,8,0,196.975,0
prime-coevo-qwen3-1p7b-smoke16-baseline-2026-06-20,7,15,0,199.25,0
prime-coevo-qwen3-1p7b-smoke16-baseline-2026-06-20,7,16,1,191.25,0
prime-coevo-qwen3-1p7b-smoke16-baseline-2026-06-20,6,13,0,194.4,0
prime-coevo-qwen3-1p7b-smoke16-baseline-2026-06-20,7,7,0,195.3,0
prime-coevo-qwen3-1p7b-smoke16-baseline-2026-06-20,7,4,0,194.7,0
prime-coevo-qwen3-1p7b-smoke16-baseline-2026-06-20,7,14,0,189.75,0
prime-coevo-qwen3-1p7b-smoke16-baseline-2026-06-20,7,16,1,196.25,0
prime-coevo-qwen3-1p7b-smoke16-baseline-2026-06-20,7,10,0,209.75,0
prime-coevo-qwen3-1p7b-smoke16-baseline-2026-06-20,7,14,0,191.95,0
prime-coevo-qwen3-1p7b-smoke16-baseline-2026-06-20,7,4,0,190.25,0
prime-coevo-qwen3-1p7b-smoke16-baseline-2026-06-20,7,0,0,186.125,0
prime-coevo-qwen3-1p7b-smoke16-baseline-2026-06-20,7,1,0,195.55,0
prime-coevo-qwen3-1p7b-smoke16-baseline-2026-06-20,7,6,0,191.25,0
prime-coevo-qwen3-1p7b-smoke16-baseline-2026-06-20,7,6,0,196.25,0
prime-coevo-qwen3-1p7b-smoke16-baseline-2026-06-20,7,5,0,191.95,0
prime-coevo-qwen3-1p7b-smoke16-baseline-2026-06-20,7,12,0,187.125,0
prime-coevo-qwen3-1p7b-smoke16-baseline-2026-06-20,7,5,0,196.25,0
prime-coevo-qwen3-1p7b-smoke16-baseline-2026-06-20,7,8,0,198.0,0
prime-coevo-qwen3-1p7b-smoke16-baseline-2026-06-20,7,12,0,191.425,0
prime-coevo-qwen3-1p7b-smoke16-baseline-2026-06-20,7,1,0,193.75,0
prime-coevo-qwen3-1p7b-smoke16-baseline-2026-06-20,7,10,0,196.25,0
prime-coevo-qwen3-1p7b-smoke16-baseline-2026-06-20,7,3,0,190.75,0
prime-coevo-qwen3-1p7b-smoke16-baseline-2026-06-20,7,9,0,193.75,0
prime-coevo-qwen3-1p7b-smoke16-baseline-2026-06-20,7,6,0,196.25,0
prime-coevo-qwen3-1p7b-smoke16-baseline-2026-06-20,7,11,0,193.75,0
prime-coevo-qwen3-1p7b-smoke16-baseline-2026-06-20,7,11,0,193.75,0
prime-coevo-qwen3-1p7b-smoke16-baseline-2026-06-20,7,9,0,193.25,0
prime-coevo-qwen3-1p7b-smoke16-baseline-2026-06-20,7,8,0,210.275,0
prime-coevo-qwen3-1p7b-smoke16-baseline-2026-06-20,7,11,0,213.35000000000002,0
prime-coevo-qwen3-1p7b-smoke16-baseline-2026-06-20,7,15,0,199.25,0
prime-coevo-qwen3-1p7b-smoke16-baseline-2026-06-20,7,15,0,193.75,0
prime-coevo-qwen3-1p7b-smoke16-baseline-2026-06-20,7,0,0,196.25,0
prime-coevo-qwen3-1p7b-smoke16-baseline-2026-06-20,7,3,0,192.1,0
prime-coevo-qwen3-1p7b-smoke16-baseline-2026-06-20,7,2,0,177.15,0
prime-coevo-qwen3-1p7b-smoke16-baseline-2026-06-20,7,13,0,196.25,0
prime-coevo-qwen3-1p7b-smoke16-baseline-2026-06-20,7,13,0,196.25,0
prime-coevo-qwen3-1p7b-smoke16-baseline-2026-06-20,7,11,0,198.4,0
prime-coevo-qwen3-1p7b-smoke16-baseline-2026-06-20,7,13,0,194.4,0
prime-coevo-qwen3-1p7b-smoke16-baseline-2026-06-20,7,2,0,196.25,0
prime-coevo-qwen3-1p7b-smoke16-baseline-2026-06-20,7,8,0,226.925,0
prime-coevo-qwen3-1p7b-smoke16-baseline-2026-06-20,7,13,0,194.5,0
prime-coevo-qwen3-1p7b-smoke16-baseline-2026-06-20,7,10,0,198.75,0
prime-coevo-qwen3-1p7b-smoke16-baseline-2026-06-20,7,16,1,200.125,0
prime-coevo-qwen3-1p7b-smoke16-baseline-2026-06-20,7,16,1,192.625,0
prime-coevo-qwen3-1p7b-smoke16-baseline-2026-06-20,7,9,0,190.15,0
prime-coevo-qwen3-1p7b-smoke16-baseline-2026-06-20,7,8,0,196.25,0
prime-coevo-qwen3-1p7b-smoke16-baseline-2026-06-20,7,12,0,229.15,0
prime-coevo-qwen3-1p7b-smoke16-baseline-2026-06-20,7,0,0,190.9,0
prime-coevo-qwen3-1p7b-smoke16-baseline-2026-06-20,7,14,0,189.325,0
prime-coevo-qwen3-1p7b-smoke16-baseline-2026-06-20,7,3,0,202.75,0
prime-coevo-qwen3-1p7b-smoke16-baseline-2026-06-20,7,3,0,189.95,0
prime-coevo-qwen3-1p7b-smoke16-baseline-2026-06-20,7,8,0,194.4,0
prime-coevo-qwen3-1p7b-smoke16-baseline-2026-06-20,7,0,0,196.25,0
prime-coevo-qwen3-1p7b-smoke16-baseline-2026-06-20,7,9,0,196.25,0
prime-coevo-qwen3-1p7b-smoke16-baseline-2026-06-20,7,12,0,193.25,0
prime-coevo-qwen3-1p7b-smoke16-baseline-2026-06-20,7,14,0,187.5,0
prime-coevo-qwen3-1p7b-smoke16-baseline-2026-06-20,7,15,0,192.22500000000002,0
prime-coevo-qwen3-1p7b-smoke16-baseline-2026-06-20,7,2,0,196.25,0
prime-coevo-qwen3-1p7b-smoke16-baseline-2026-06-20,7,10,0,192.225,0
prime-coevo-qwen3-1p7b-smoke16-baseline-2026-06-20,7,15,0,196.375,0
prime-coevo-qwen3-1p7b-smoke16-baseline-2026-06-20,7,6,0,213.25,0
prime-coevo-qwen3-1p7b-smoke16-baseline-2026-06-20,7,6,0,193.75,0
prime-coevo-qwen3-1p7b-smoke16-baseline-2026-06-20,7,1,0,195.7,0
prime-coevo-qwen3-1p7b-smoke16-baseline-2026-06-20,7,2,0,194.45,0
prime-coevo-qwen3-1p7b-smoke16-baseline-2026-06-20,7,14,0,192.25,0
prime-coevo-qwen3-1p7b-smoke16-baseline-2026-06-20,7,4,0,178.75,0
prime-coevo-qwen3-1p7b-smoke16-baseline-2026-06-20,7,1,0,194.325,0
prime-coevo-qwen3-1p7b-smoke16-baseline-2026-06-20,7,14,0,190.425,0
prime-coevo-qwen3-1p7b-smoke16-baseline-2026-06-20,7,7,0,187.675,0
prime-coevo-qwen3-1p7b-smoke16-baseline-2026-06-20,7,5,0,189.2,0
prime-coevo-qwen3-1p7b-smoke16-baseline-2026-06-20,7,7,0,183.75,0
prime-coevo-qwen3-1p7b-smoke16-baseline-2026-06-20,7,4,0,193.75,0
prime-coevo-qwen3-1p7b-smoke16-baseline-2026-06-20,8,16,1,190.9,0
prime-coevo-qwen3-1p7b-smoke16-baseline-2026-06-20,8,9,0,198.5,0
prime-coevo-qwen3-1p7b-smoke16-baseline-2026-06-20,7,7,0,193.25,0
prime-coevo-qwen3-1p7b-smoke16-baseline-2026-06-20,7,5,0,193.75,0
prime-coevo-qwen3-1p7b-smoke16-baseline-2026-06-20,8,1,0,184.25,0
prime-coevo-qwen3-1p7b-smoke16-baseline-2026-06-20,8,12,0,195.85,0
prime-coevo-qwen3-1p7b-smoke16-baseline-2026-06-20,8,16,1,198.72500000000002,0
prime-coevo-qwen3-1p7b-smoke16-baseline-2026-06-20,8,7,0,196.25,0
prime-coevo-qwen3-1p7b-smoke16-baseline-2026-06-20,8,10,0,194.25,0
prime-coevo-qwen3-1p7b-smoke16-baseline-2026-06-20,8,3,0,196.25,0
prime-coevo-qwen3-1p7b-smoke16-baseline-2026-06-20,8,3,0,196.25,0
prime-coevo-qwen3-1p7b-smoke16-baseline-2026-06-20,8,6,0,191.825,0
prime-coevo-qwen3-1p7b-smoke16-baseline-2026-06-20,8,13,0,190.75,0
prime-coevo-qwen3-1p7b-smoke16-baseline-2026-06-20,8,1,0,196.25,0
prime-coevo-qwen3-1p7b-smoke16-baseline-2026-06-20,8,13,0,193.75,0
prime-coevo-qwen3-1p7b-smoke16-baseline-2026-06-20,8,12,0,195.0,0
prime-coevo-qwen3-1p7b-smoke16-baseline-2026-06-20,8,9,0,196.25,0
prime-coevo-qwen3-1p7b-smoke16-baseline-2026-06-20,8,8,0,194.5,0
prime-coevo-qwen3-1p7b-smoke16-baseline-2026-06-20,8,6,0,196.25,0
prime-coevo-qwen3-1p7b-smoke16-baseline-2026-06-20,8,2,0,203.75,0
prime-coevo-qwen3-1p7b-smoke16-baseline-2026-06-20,8,15,0,195.125,0
prime-coevo-qwen3-1p7b-smoke16-baseline-2026-06-20,8,11,0,191.825,0
prime-coevo-qwen3-1p7b-smoke16-baseline-2026-06-20,8,0,0,197.5,0
prime-coevo-qwen3-1p7b-smoke16-baseline-2026-06-20,8,11,0,191.825,0
prime-coevo-qwen3-1p7b-smoke16-baseline-2026-06-20,8,5,0,206.25,0
prime-coevo-qwen3-1p7b-smoke16-baseline-2026-06-20,8,2,0,193.325,0
prime-coevo-qwen3-1p7b-smoke16-baseline-2026-06-20,8,8,0,193.75,0
prime-coevo-qwen3-1p7b-smoke16-baseline-2026-06-20,8,0,0,190.125,0
prime-coevo-qwen3-1p7b-smoke16-baseline-2026-06-20,8,10,0,196.25,0
prime-coevo-qwen3-1p7b-smoke16-baseline-2026-06-20,8,5,0,188.75,0
prime-coevo-qwen3-1p7b-smoke16-baseline-2026-06-20,8,4,0,194.4,0
prime-coevo-qwen3-1p7b-smoke16-baseline-2026-06-20,8,15,0,197.75,0
prime-coevo-qwen3-1p7b-smoke16-baseline-2026-06-20,8,14,0,199.975,0
prime-coevo-qwen3-1p7b-smoke16-baseline-2026-06-20,8,15,0,195.875,0
prime-coevo-qwen3-1p7b-smoke16-baseline-2026-06-20,8,4,0,196.25,0
prime-coevo-qwen3-1p7b-smoke16-baseline-2026-06-20,8,9,0,193.2,0
prime-coevo-qwen3-1p7b-smoke16-baseline-2026-06-20,8,10,0,196.25,0
prime-coevo-qwen3-1p7b-smoke16-baseline-2026-06-20,8,14,0,196.25,0
prime-coevo-qwen3-1p7b-smoke16-baseline-2026-06-20,8,9,0,196.25,0
prime-coevo-qwen3-1p7b-smoke16-baseline-2026-06-20,8,9,0,196.25,0
prime-coevo-qwen3-1p7b-smoke16-baseline-2026-06-20,8,7,0,191.95,0
prime-coevo-qwen3-1p7b-smoke16-baseline-2026-06-20,8,7,0,200.6,0
prime-coevo-qwen3-1p7b-smoke16-baseline-2026-06-20,8,15,0,191.65,0
prime-coevo-qwen3-1p7b-smoke16-baseline-2026-06-20,8,10,0,192.72500000000002,0
prime-coevo-qwen3-1p7b-smoke16-baseline-2026-06-20,8,10,0,193.75,0
prime-coevo-qwen3-1p7b-smoke16-baseline-2026-06-20,8,1,0,191.675,0
prime-coevo-qwen3-1p7b-smoke16-baseline-2026-06-20,8,8,0,197.625,0
prime-coevo-qwen3-1p7b-smoke16-baseline-2026-06-20,8,12,0,197.625,0
prime-coevo-qwen3-1p7b-smoke16-baseline-2026-06-20,8,5,0,196.715,0
prime-coevo-qwen3-1p7b-smoke16-baseline-2026-06-20,8,8,0,190.025,0
prime-coevo-qwen3-1p7b-smoke16-baseline-2026-06-20,8,0,0,192.425,0
prime-coevo-qwen3-1p7b-smoke16-baseline-2026-06-20,8,3,0,201.25,0
prime-coevo-qwen3-1p7b-smoke16-baseline-2026-06-20,8,5,0,193.75,0
prime-coevo-qwen3-1p7b-smoke16-baseline-2026-06-20,8,1,0,191.25,0
prime-coevo-qwen3-1p7b-smoke16-baseline-2026-06-20,8,0,0,195.375,0
prime-coevo-qwen3-1p7b-smoke16-baseline-2026-06-20,8,2,0,227.0,0
prime-coevo-qwen3-1p7b-smoke16-baseline-2026-06-20,8,6,0,181.675,0
prime-coevo-qwen3-1p7b-smoke16-baseline-2026-06-20,8,12,0,200.5,0
prime-coevo-qwen3-1p7b-smoke16-baseline-2026-06-20,8,2,0,193.5,0
prime-coevo-qwen3-1p7b-smoke16-baseline-2026-06-20,8,3,0,198.25,0
prime-coevo-qwen3-1p7b-smoke16-baseline-2026-06-20,8,15,0,196.25,0
prime-coevo-qwen3-1p7b-smoke16-baseline-2026-06-20,8,0,0,196.25,0
prime-coevo-qwen3-1p7b-smoke16-baseline-2026-06-20,8,11,0,201.25,0
prime-coevo-qwen3-1p7b-smoke16-baseline-2026-06-20,8,13,0,192.325,0
prime-coevo-qwen3-1p7b-smoke16-baseline-2026-06-20,8,6,0,193.75,0
prime-coevo-qwen3-1p7b-smoke16-baseline-2026-06-20,8,4,0,191.675,0
prime-coevo-qwen3-1p7b-smoke16-baseline-2026-06-20,8,4,0,202.4,0
prime-coevo-qwen3-1p7b-smoke16-baseline-2026-06-20,8,16,1,188.60000000000002,0
prime-coevo-qwen3-1p7b-smoke16-baseline-2026-06-20,8,11,0,202.5,0
prime-coevo-qwen3-1p7b-smoke16-baseline-2026-06-20,8,13,0,196.25,0
prime-coevo-qwen3-1p7b-smoke16-baseline-2026-06-20,8,13,0,184.57500000000002,0
prime-coevo-qwen3-1p7b-smoke16-baseline-2026-06-20,8,13,0,194.25,0
prime-coevo-qwen3-1p7b-smoke16-baseline-2026-06-20,8,7,0,222.9,0
prime-coevo-qwen3-1p7b-smoke16-baseline-2026-06-20,8,16,1,191.9,0
prime-coevo-qwen3-1p7b-smoke16-baseline-2026-06-20,8,16,1,196.25,0
prime-coevo-qwen3-1p7b-smoke16-baseline-2026-06-20,8,7,0,193.75,0
prime-coevo-qwen3-1p7b-smoke16-baseline-2026-06-20,9,12,0,192.0,0
prime-coevo-qwen3-1p7b-smoke16-baseline-2026-06-20,9,9,0,198.75,0
prime-coevo-qwen3-1p7b-smoke16-baseline-2026-06-20,9,6,0,187.65,0
prime-coevo-qwen3-1p7b-smoke16-baseline-2026-06-20,8,10,0,193.75,0
prime-coevo-qwen3-1p7b-smoke16-baseline-2026-06-20,8,16,1,196.25,0
prime-coevo-qwen3-1p7b-smoke16-baseline-2026-06-20,9,12,0,222.75,0
prime-coevo-qwen3-1p7b-smoke16-baseline-2026-06-20,9,10,0,188.75,0
prime-coevo-qwen3-1p7b-smoke16-baseline-2026-06-20,9,8,0,193.75,0
prime-coevo-qwen3-1p7b-smoke16-baseline-2026-06-20,9,2,0,206.45,0
prime-coevo-qwen3-1p7b-smoke16-baseline-2026-06-20,9,8,0,198.05,0
prime-coevo-qwen3-1p7b-smoke16-baseline-2026-06-20,9,3,0,188.75,0
prime-coevo-qwen3-1p7b-smoke16-baseline-2026-06-20,9,3,0,193.75,0
prime-coevo-qwen3-1p7b-smoke16-baseline-2026-06-20,9,6,0,196.25,0
prime-coevo-qwen3-1p7b-smoke16-baseline-2026-06-20,9,11,0,195.0,0
prime-coevo-qwen3-1p7b-smoke16-baseline-2026-06-20,9,11,0,207.125,0
prime-coevo-qwen3-1p7b-smoke16-baseline-2026-06-20,9,0,0,200.05,0
prime-coevo-qwen3-1p7b-smoke16-baseline-2026-06-20,9,1,0,219.15,0
prime-coevo-qwen3-1p7b-smoke16-baseline-2026-06-20,9,14,0,265.175,0
prime-coevo-qwen3-1p7b-smoke16-baseline-2026-06-20,9,0,0,196.25,0
prime-coevo-qwen3-1p7b-smoke16-baseline-2026-06-20,9,15,0,189.6,0
prime-coevo-qwen3-1p7b-smoke16-baseline-2026-06-20,9,1,0,196.25,0
prime-coevo-qwen3-1p7b-smoke16-baseline-2026-06-20,9,9,0,192.55,0
prime-coevo-qwen3-1p7b-smoke16-baseline-2026-06-20,9,4,0,194.0,0
prime-coevo-qwen3-1p7b-smoke16-baseline-2026-06-20,9,5,0,200.25,0
prime-coevo-qwen3-1p7b-smoke16-baseline-2026-06-20,9,4,0,202.85,0
prime-coevo-qwen3-1p7b-smoke16-baseline-2026-06-20,9,2,0,196.25,0
prime-coevo-qwen3-1p7b-smoke16-baseline-2026-06-20,9,15,0,193.75,0
prime-coevo-qwen3-1p7b-smoke16-baseline-2026-06-20,9,5,0,201.875,0
prime-coevo-qwen3-1p7b-smoke16-baseline-2026-06-20,9,14,0,195.5,0
prime-coevo-qwen3-1p7b-smoke16-baseline-2026-06-20,9,14,0,192.2,0
prime-coevo-qwen3-1p7b-smoke16-baseline-2026-06-20,9,2,0,242.25,0
prime-coevo-qwen3-1p7b-smoke16-baseline-2026-06-20,9,13,0,186.25,0
prime-coevo-qwen3-1p7b-smoke16-baseline-2026-06-20,9,1,0,191.25,0
prime-coevo-qwen3-1p7b-smoke16-baseline-2026-06-20,9,16,1,195.375,0
prime-coevo-qwen3-1p7b-smoke16-baseline-2026-06-20,9,1,0,196.25,0
